K0P125.PV;K5Q2_2.PV;K5FCV4_2I.PV;K5P6.PV;K5PCV6I.PV;K5PCV17_1I.PV;K5P17_1.PV;K5PCV17_2I.PV;K5P17_2.PV;K5F3.PV;K5T20.PV;K5P110.PV;K5PCV4I.PV;K5T12.PV;K5P13.PV;K5HCV60I.PV;K5P16_1.PV;K5GKAL.PV;K5HCV61I.PV;K5P16_2.PV;K5FCV4_1I.PV;K5Q2_1.PV;K5P4_1.PV
69.02493;456.3546;9.912379;1.346088;95.59053;70.5126;8.802091;98.34;8.61372;2674.899;-11.56298;66.25404;35.45544;160.7074;4.026606;99.02571;0.9010729;19.28849;98.06734;1.014424;10.51269;495.318;16.66402
68.9527;328.4229;9.958347;0.6201627;95.53967;70.65926;4.653776;98.40217;4.534199;1921.048;-10.90143;66.53107;26.80279;140.5967;3.984337;99.0166;0.3895762;13.97164;98.07597;0.4749774;10.53215;347.6366;9.004105
68.9304;416.7405;10.12812;0.871911;94.93235;70.53325;6.114278;98.35094;5.953532;2219.692;-14.45294;66.39844;29.89616;148.0984;3.996593;98.83247;0.5659921;16.02819;98.04272;0.663139;10.44313;441.8423;11.66558
68.89967;451.5444;9.991779;0.9039769;94.87467;70.40954;6.335032;98.24129;6.167168;2269.64;-16.76563;66.23507;30.41881;150.2292;4.012558;98.84099;0.5850815;16.37518;98.04234;0.6858981;10.51112;481.1713;12.04519
68.8985;412.1317;10.21523;0.820174;95.23555;70.65488;5.741557;98.43048;5.589488;2137.768;-11.37438;66.52406;29.18794;146.3192;3.988866;98.84442;0.532205;15.46932;98.00822;0.6241875;10.41186;436.5425;11.00107
68.8746;325.4563;9.966478;0.6461663;95.52306;70.69131;4.888418;98.4185;4.764278;1971.471;-11.17966;66.39922;27.3306;141.0578;3.988871;99.0294;0.408531;14.34733;98.05029;0.4949604;10.54829;339.3807;9.438024
68.85508;422.3496;9.942534;1.130473;95.55491;70.5694;7.678723;98.35389;7.504695;2491.026;-12.79549;66.12521;33.28376;153.8139;4.013313;99.03325;0.7479131;17.94276;98.07685;0.8541868;10.55106;451.5445;14.57613
68.81465;408.5509;10.2017;0.7976971;95.0918;70.63009;5.583777;98.42587;5.436651;2107.202;-11.23928;66.42445;28.83019;146.3253;3.985844;98.83938;0.5156246;15.26145;98.01917;0.6070039;10.51307;439.7661;10.71125
68.77155;245.185;9.838741;0.7146439;95.31052;70.57683;5.069501;98.33121;4.932037;1998.044;-12.67291;66.00391;27.68544;143.4709;4.0043;98.99754;0.4540831;14.33053;98.03288;0.544866;16.79984;1234.765;9.751116
68.7613;256.762;9.872911;0.7132345;95.21268;70.52554;5.107086;98.30888;4.967588;2010.17;-13.91023;66.01892;27.71646;143.024;3.997052;99.00587;0.4521143;14.46035;98.07105;0.5443813;16.84249;1155.625;9.817025
68.74365;472.9709;9.507479;0.7593457;94.88129;70.42438;5.304862;98.25308;5.172522;2073.989;-15.42185;66.21748;28.2392;145.5296;4.000394;98.93507;0.4849823;15.12991;98.01256;0.5801067;10.45201;489.933;10.1887
68.73663;359.1708;9.976155;0.6807822;95.59487;70.70729;5.08743;98.4696;4.960288;2010.948;-10.42922;66.20971;27.66476;142.1063;3.991826;99.03607;0.434031;14.62046;98.05329;0.5210884;10.56599;381.9989;9.811803
68.73576;247.8441;9.911775;0.6617582;95.13222;70.55723;4.797123;98.35905;4.663934;1944.042;-13.78649;66.08181;27.01734;141.3905;3.994399;99.00858;0.4172224;13.98809;98.06395;0.506306;16.83867;1207.62;9.242208
68.72284;256.0099;9.938704;0.7300202;95.34074;70.56581;5.206225;98.36437;5.06322;2031.251;-13.68769;66.07707;27.91109;143.2081;3.998092;99.01191;0.4648106;14.61072;98.06678;0.5569405;16.89049;1201.568;10.00216
68.70357;432.2275;9.528287;0.7503162;95.17951;70.52843;5.196801;98.33189;5.069459;2045.908;-12.70884;66.13791;28.02416;146.1669;3.999341;99.0125;0.4783919;14.92399;98.03773;0.5729842;10.46854;457.8924;10.00793
68.67442;454.0958;9.929984;1.000132;94.94534;70.36035;6.892504;98.20426;6.715497;2377.961;-17.18285;65.83483;31.57059;153.5273;4.023487;98.88125;0.6503237;17.12938;98.0397;0.7552454;10.3807;493.4355;13.00448
68.64672;257.3548;9.830679;0.8327436;95.39429;70.65331;5.792712;98.34963;5.636348;2143.463;-11.88509;65.72591;29.56043;147.1943;4.011959;98.96603;0.5402394;15.35997;98.01945;0.6326939;15.44315;1242.917;11.07792
68.64057;263.9865;10.03949;0.7266733;95.68557;70.74362;5.338432;98.49267;5.197084;2050.198;-9.25415;66.01273;28.40488;144.131;3.993395;99.12495;0.4679441;14.78545;98.10843;0.5533654;15.49541;1121.663;10.27417
68.6319;440.2757;9.962471;1.000128;95.2552;70.52776;6.877313;98.3389;6.698503;2363.921;-13.57022;65.80116;31.58218;153.2298;4.018049;98.91567;0.6529655;17.00917;98.07935;0.7543693;10.40164;480.0881;13.00318
68.62054;472.787;9.726006;0.7649527;94.81519;70.65179;5.316122;98.4316;5.180675;2067.081;-13.37411;66.21447;28.22639;146.5928;3.995703;98.88363;0.4938423;15.07505;97.99149;0.5839071;10.57456;492.0663;10.21583
68.59654;258.2664;9.836434;0.8157939;94.91656;70.37735;5.756649;98.229;5.604964;2154.72;-16.81716;65.79683;29.28479;145.6774;4.017959;98.99532;0.5234295;15.50153;98.08949;0.6216982;17.39812;1103.984;10.99798
68.58978;410.1823;9.907944;0.8208157;95.35073;70.50857;5.764545;98.28914;5.617098;2157.921;-15.10893;65.88388;29.2981;146.5723;4.012088;99.01534;0.5276437;15.59188;98.08389;0.6250886;10.57255;427.466;11.02323
68.58855;342.1445;9.906995;0.8096289;95.1829;70.53088;5.693802;98.32512;5.548188;2146.102;-15.65885;65.84589;29.23045;145.5899;4.010534;99.00432;0.5215948;15.53574;98.08453;0.6177711;10.36645;369.6024;10.88949
68.57291;272.249;9.858437;0.8201611;95.19924;70.47898;5.75443;98.28563;5.603925;2148.135;-13.90745;65.78702;29.18897;146.2893;4.011828;99.01273;0.5271454;15.46403;98.09221;0.6245203;17.77582;920.8651;11.01092
68.52765;264.3327;9.942288;0.8817543;95.639;70.81142;6.166122;98.47167;5.997647;2208.733;-8.607488;65.64914;30.33545;149.211;4.012344;99.02117;0.5771569;15.83145;98.06599;0.6680769;15.48194;1168.711;11.77826
68.51705;422.0986;9.389788;1.019807;94.94498;70.43317;6.647004;98.26787;6.463426;2344.088;-18.25444;65.69573;31.11614;155.7025;4.022548;99.01154;0.6642492;16.97382;98.12622;0.7685538;10.4051;473.7371;12.56579
68.51638;404.8317;9.95167;0.8201925;95.38054;70.60859;5.743308;98.35326;5.594551;2143.147;-12.10326;65.82713;29.41589;146.4967;4.015285;99.02295;0.5290512;15.43254;98.07653;0.6243157;16.77457;432.5616;11.00091
68.5067;495.663;10.00679;1.039824;95.37441;70.63421;7.119369;98.37296;6.929684;2401.054;-11.4765;65.56084;32.14407;153.6651;4.016462;98.9183;0.6828296;17.24548;98.0842;0.7822623;10.44168;533.9257;13.40836
68.49113;356.2487;9.895736;0.8625768;95.37141;70.50323;6.171909;98.31762;6.018257;2235.226;-13.58537;65.66702;30.32475;147.8304;4.013508;99.00616;0.5583698;16.15674;98.10116;0.6571007;10.34926;387.3685;11.774
68.48891;391.2031;10.25608;0.8512664;94.96208;70.6988;6.181425;98.51627;6.025683;2220.866;-9.312399;66.01852;30.28495;147.6763;4.000641;98.83626;0.5561863;16.03117;97.97829;0.6465138;10.54465;453.5168;11.81407
68.48328;345.9547;9.961012;0.7945205;95.34618;70.64285;5.705929;98.41422;5.562766;2142.087;-13.0504;65.78041;29.24477;145.6082;4.003956;99.03504;0.5133188;15.53871;98.08334;0.6060923;10.56054;373.2911;10.93098
68.45266;461.3365;9.339183;1.077578;94.87939;70.3991;7.059082;98.21799;6.877358;2426.697;-18.87108;65.48907;32.10611;157.2853;4.046064;99.07115;0.7008157;17.58451;98.10642;0.8111665;10.48534;511.4642;13.25887
68.44032;388.6943;10.24798;0.9501268;94.96503;70.66379;6.570528;98.46564;6.400103;2299.544;-10.43557;65.8756;31.10242;151.5472;4.012013;98.85596;0.6237329;16.58122;98.01062;0.7186838;10.52665;470.1857;12.5042
68.43282;401.6822;9.935752;0.8975984;95.58728;70.5721;6.297112;98.38276;6.136152;2252.473;-11.87307;65.62284;30.60059;146.3568;4.01286;99.02045;0.5839222;16.25656;98.05321;0.6818635;10.3461;447.6249;12.0065
68.42278;387.0798;10.38608;0.9001337;95.26556;70.90154;6.280987;98.66006;6.10953;2229.473;-6.815261;65.9944;30.53338;150.4908;3.993534;98.88387;0.5935225;16.06774;97.99798;0.681831;10.47706;429.5616;12.00185
68.41644;487.7407;9.672236;0.9398876;95.34601;70.61234;6.525601;98.41251;6.358037;2298.324;-12.50683;65.6864;30.95686;152.0538;4.012719;98.90994;0.6139416;16.65407;98.08904;0.7118849;10.58282;520.6849;12.4056
68.40007;409.8503;9.352029;1.05725;94.77954;70.38052;7.169419;98.19886;6.988933;2447.842;-21.67128;65.45197;32.20294;155.5135;4.027054;98.96143;0.6906462;17.71073;98.14853;0.7980261;10.40469;451.4901;13.41848
68.37582;477.9051;9.696411;0.9590192;95.11803;70.56416;6.572145;98.34891;6.400679;2311.769;-13.76664;65.6268;31.08626;152.1405;4.028903;98.90247;0.6271955;16.70423;98.0626;0.7256168;10.57749;506.8078;12.4779
68.37527;403.2816;9.998751;0.9501014;95.73611;70.85274;6.560242;98.54739;6.386532;2285.007;-6.87068;65.5888;31.07673;142.9048;4.00001;99.05611;0.6245965;16.42217;98.11083;0.7162827;10.35811;448.8001;12.50036
68.35699;464.5742;9.659803;0.9599777;94.89345;70.5337;6.592638;98.33837;6.418969;2316.267;-14.66594;65.59467;31.18863;152.1025;4.025609;98.89076;0.6283972;16.72601;98.06364;0.726999;10.57991;496.499;12.50668
68.35033;412.5248;9.981662;0.9370682;95.78455;70.69577;6.635385;98.46906;6.47132;2307.794;-9.479601;65.52002;31.4017;141.7089;4.01225;99.03738;0.6147195;16.61728;98.01796;0.7098176;10.3514;468.1587;12.60992
68.33594;547.3283;10.61689;1.06843;95.5981;70.74131;7.388392;98.45354;7.19078;2439.831;-8.803988;65.36373;32.90774;155.3585;4.02016;98.94886;0.7050349;17.50225;98.07295;0.8034289;10.53659;591.1042;13.8627
68.30157;420.0405;10.17034;0.9501139;95.80535;70.98338;6.559608;98.72985;6.377289;2275.13;-5.054928;65.65844;31.13049;151.5487;4.000774;99.0397;0.6269072;16.34705;98.07571;0.715759;10.35297;469.3088;12.50274
68.28114;377.1612;5.384314;0.7256673;95.00652;70.86585;5.309626;98.29737;5.168283;2048.069;-8.3748;65.71204;28.36636;145.1556;4.002268;97.84505;0.4687677;14.73564;98.02585;0.5529863;10.46846;366.5704;10.21838
68.26662;475.7775;9.739626;0.9599584;94.80202;70.60609;6.59115;98.40205;6.413376;2312.758;-14.83889;65.56927;31.25372;151.9791;4.027084;98.83822;0.6296024;16.64551;98.05553;0.7263374;10.59229;506.375;12.49954
68.26392;499.3773;9.735067;1.011472;95.633;70.84628;7.01672;98.5752;6.835068;2376.71;-8.304173;65.47912;32.08463;153.674;4.014901;98.93802;0.6675124;17.20032;98.0682;0.7626303;10.58567;531.2285;13.25837
68.261;399.0881;10.37622;0.9145147;95.5994;71.02741;6.334473;98.76294;6.153249;2229.629;-4.376863;65.81826;30.61988;150.774;3.993785;98.91235;0.6058523;16.05867;97.97835;0.6912516;10.43931;445.6865;12.09404
68.25082;383.9922;5.523873;0.6701632;94.87875;70.91377;4.924965;98.35771;4.797636;1978.256;-10.27465;65.82272;27.51986;144.4974;3.996753;97.77749;0.4320198;14.28648;98.01003;0.5119956;10.62348;370.8993;9.503613
68.24976;408.6231;10.37502;0.9501182;95.82516;71.11063;6.553876;98.83927;6.364776;2266.732;-3.200328;65.77079;31.15253;153.341;3.988124;98.96905;0.6311451;16.31466;97.97742;0.7158387;10.4012;457.244;12.49707
68.22311;370.77;5.720784;0.6724252;95.09186;71.01438;4.939093;98.45263;4.807625;1973.89;-8.402257;65.9286;27.41206;144.9928;3.98713;97.79947;0.4347517;14.24277;98.01006;0.5134007;10.34439;361.3033;9.537728
68.21762;472.9053;9.911516;0.9599705;95.05975;70.82812;6.578899;98.58876;6.393229;2290.304;-9.74611;65.56642;31.10935;153.4671;4.007226;98.81357;0.6337354;16.46473;98.0624;0.7237821;10.62008;504.6603;12.50024
68.21593;481.7864;9.818882;0.9251372;95.68483;70.98639;6.412457;98.68645;6.238209;2255.781;-5.922369;65.58457;30.8208;152.6327;4.003142;98.94682;0.6095834;16.35161;98.05322;0.6993755;10.59073;510.836;12.23107
68.20223;380.138;5.682517;0.6875592;94.97952;70.96821;5.076979;98.42127;4.942249;2005.532;-8.773726;65.87791;27.71809;144.9278;3.99467;97.79154;0.4468639;14.48915;98.00513;0.5244715;10.518;369.0715;9.791614
68.19685;501.0455;9.500132;1.091813;95.16669;70.55342;7.453828;98.33447;7.272481;2489.323;-15.20852;65.23232;32.92448;156.7951;4.039838;99.03648;0.71573;18.04758;98.07307;0.8240469;10.45685;543.1991;13.93354
68.19244;352.5026;5.466286;0.6701749;94.87848;70.88206;4.921059;98.32474;4.795014;1977.031;-9.95318;65.69841;27.40403;144.2594;3.99516;97.80688;0.4296784;14.27563;97.99783;0.5118679;10.41461;340.687;9.500382
68.19106;356.0602;5.338369;0.7000615;94.97018;70.88052;5.189799;98.29869;5.051941;2026.347;-8.123925;65.57462;28.12623;144.4466;4.005292;97.84104;0.4498218;14.59254;98.08234;0.5338684;10.45782;343.2486;9.999235
68.18609;485.8013;9.893936;0.9001001;95.70071;71.07241;6.276268;98.75565;6.105846;2228.469;-5.447195;65.63377;30.65419;152.5023;3.999953;98.94925;0.5947268;16.17291;98.04401;0.6812441;10.59237;515.2481;11.9992
68.18414;471.2321;9.904906;0.898572;95.02126;70.88232;6.262273;98.63343;6.099916;2239.244;-8.298718;65.69032;30.53579;150.0227;4.01229;98.91684;0.5927269;16.25503;98.0368;0.6823969;10.46301;498.4397;11.97211
68.17076;400.5339;5.63305;0.8502773;95.13705;70.8801;5.881432;98.3904;5.71513;2150.045;-6.901071;65.65478;29.64603;150.2646;3.993845;97.85553;0.5550653;15.43543;97.90804;0.6440237;10.3269;408.8463;11.25138
68.16519;351.1013;5.384716;0.6772647;94.98383;70.90281;4.981547;98.32625;4.853418;1984.534;-7.964261;65.61777;27.67616;143.8924;3.990354;97.8439;0.4356194;14.3224;98.01768;0.5170302;10.48241;339.3068;9.617741
68.16469;355.7751;5.441115;0.7466462;95.11748;70.85079;5.302575;98.3033;5.159955;2043.201;-7.771653;65.57249;28.34425;145.9697;3.998984;97.83097;0.4821464;14.6727;97.93855;0.5683957;10.47399;347.3504;10.2076
68.16036;590.4791;10.6716;1.100152;95.72925;70.82893;7.772575;98.52425;7.566168;2498.646;-6.216889;65.17273;33.78367;157.4927;4.024681;98.95259;0.7312199;17.91973;98.07126;0.8271407;10.425;640.8715;14.49925
68.15547;383.8446;5.733556;0.7672201;95.08117;71.05348;5.365345;98.48704;5.218297;2056.694;-8.376101;65.78434;28.32824;149.1737;3.99064;97.81279;0.5031869;14.79589;98.00582;0.5838062;10.34927;381.7231;10.31412
68.14436;456.4729;9.976736;0.900129;95.62302;71.09787;6.272926;98.78691;6.102298;2228.243;-5.178923;65.6793;30.53149;151.7946;4.00807;98.94652;0.5971305;16.15289;98.0215;0.6820555;10.56076;486.3326;11.99838
68.10421;498.9831;9.988272;1.048349;95.08751;70.9207;7.027476;98.66415;6.829835;2368.696;-9.187984;65.4555;31.99698;156.4295;4.013405;98.81602;0.6969947;17.00185;98.00879;0.7887836;10.4836;538.5911;13.24717
68.093;398.9305;5.579794;0.8980568;95.19625;70.90344;6.427962;98.40386;6.255669;2255.765;-7.1166;65.59432;30.75579;150.6345;4.001511;97.8595;0.5893654;16.16594;97.92464;0.6807342;10.36409;404.7782;12.24922
68.09277;378.7975;5.565288;0.8235604;95.31507;70.92657;5.762733;98.38544;5.610529;2133.193;-6.950165;65.55866;29.38754;141.7665;4.007423;97.85152;0.5373765;15.27581;97.9504;0.6253953;10.48684;377.5594;11.0594
68.07922;385.8541;5.641091;0.8201815;95.35973;70.9577;5.720627;98.43396;5.571313;2122.633;-5.498569;65.63892;29.36596;138.3206;4.001168;97.89077;0.5390889;15.22291;97.92535;0.6231035;10.21192;385.5937;10.99548
68.0402;395.3076;5.757695;0.8800293;95.03896;71.05513;6.009643;98.47778;5.844872;2185.87;-8.564935;65.51779;29.99833;151.936;4.011943;97.82121;0.5828779;15.65155;97.98785;0.6673707;10.3509;396.4726;11.49951
68.01682;389.854;5.760567;0.8968694;95.01558;71.06522;6.061024;98.4805;5.885575;2193.885;-9.00075;65.43452;30.11079;152.103;4.012361;97.81992;0.592972;15.66813;98.0183;0.6783535;10.33414;390.9055;11.58139
67.97913;396.6094;5.769751;0.9500905;95.12183;71.13429;6.290812;98.53064;6.09369;2231.033;-7.3011;65.39336;30.58424;154.2365;4.004614;97.83655;0.6335366;15.91487;98.03017;0.7145444;10.3317;400.8636;11.99927
67.97134;304.3525;9.970403;1.155531;95.70911;70.85853;7.827801;98.52289;7.630862;2502.082;-8.563046;64.72391;34.00441;158.3549;4.038913;99.08965;0.7718979;17.87385;98.05887;0.8702077;15.48917;1222.544;14.79426
67.96342;296.6823;10.00827;1.041015;95.67174;70.77719;7.259575;98.50158;7.083014;2401.326;-9.231652;64.82765;32.85442;153.3861;4.02981;99.12554;0.6898516;17.16026;98.07903;0.7858152;15.49235;1183.368;13.80313
67.94608;370.6187;5.702003;0.9456407;95.08073;70.98629;6.519114;98.42998;6.338137;2268.359;-6.147578;65.46597;31.05623;152.603;4.021081;97.79111;0.6267016;16.17225;98.01542;0.7132157;10.66716;379.9566;12.39232
67.93164;337.8954;5.737898;0.9760652;95.06731;70.78584;6.70652;98.27245;6.528211;2329.154;-12.13757;65.22506;31.43694;152.9251;4.022549;97.77431;0.6409813;16.69625;98.03175;0.7365635;10.43337;342.9806;12.70368
67.91381;402.636;5.469247;0.9255994;95.37217;70.89096;6.607164;98.34824;6.429221;2288.75;-6.954506;65.21545;31.1937;151.9425;4.010426;97.84824;0.6085835;16.34785;97.92126;0.7005917;10.34894;407.5899;12.55865
67.89727;395.0548;5.434742;0.9966604;95.16729;71.01646;6.963613;98.47229;6.77503;2354.634;-5.977488;65.35458;31.92125;154.6063;4.017627;97.6302;0.6622303;16.84275;97.96503;0.7519825;10.57297;408.4299;13.1698
67.88683;381.1544;5.503661;1.019804;95.23051;71.13469;7.160998;98.55997;6.963173;2385.722;-5.356497;65.27906;32.32029;156.7917;4.010926;97.66616;0.680452;17.0685;97.97223;0.7681909;10.56712;396.5172;13.50087
67.88411;348.079;5.747931;0.9378932;94.81712;70.7719;6.296427;98.24819;6.116176;2252.302;-12.34442;65.28783;30.60605;152.4722;4.023026;97.75998;0.6144547;16.14324;98.03347;0.708423;10.39837;352.8842;11.98756
67.85828;344.9723;5.738866;1.00562;95.3251;70.926;6.920529;98.36151;6.735546;2357.623;-9.02742;65.06725;31.86087;149.2336;4.020572;97.79161;0.6627887;16.84298;98.03367;0.7572521;10.44207;349.4975;13.08426
67.85277;575.0304;10.7112;1.254193;95.57275;70.93031;8.626503;98.58331;8.398649;2641.725;-6.985637;64.73539;35.47266;161.6406;4.035214;98.96957;0.8391796;18.84758;98.04043;0.9414347;10.42739;618.5053;16.04244
67.83204;372.1979;5.688241;0.8126912;95.1294;70.81817;5.56668;98.26041;5.418845;2100.274;-8.570292;65.47039;29.0394;150.24;4.007051;97.82761;0.5293927;15.07233;97.93044;0.6176095;10.61948;370.5537;10.69063
67.82982;401.2326;5.653253;0.9952369;95.23244;70.96069;6.844504;98.43399;6.663749;2331.495;-6.632894;65.24632;31.7637;152.8536;4.017117;97.90182;0.6600021;16.67174;97.90331;0.7513258;10.21178;405.6145;12.93638
67.82398;425.8379;5.500992;1.04826;95.25182;70.87531;7.014243;98.34106;6.814418;2370.028;-8.357993;64.85197;32.23635;156.9661;4.032139;97.89334;0.6934963;16.90796;97.9199;0.789571;10.39394;441.1388;13.22171
67.81237;374.0694;5.452773;0.961855;95.30343;71.08994;6.600744;98.52753;6.412368;2281.057;-4.282274;65.32332;31.21904;153.5907;4.01045;97.64197;0.6380478;16.29383;97.98666;0.7251237;10.59959;386.3451;12.56525
67.81232;401.6503;5.626309;0.9751335;95.43513;70.90926;6.745114;98.32833;6.556445;2309.775;-5.181957;65.08888;31.55265;156.2642;4.011627;97.85715;0.643814;16.48385;97.9376;0.7350958;10.3074;410.2474;12.79847
67.80704;411.8367;5.43504;1.036205;95.51985;70.91532;7.165004;98.3394;6.964212;2388.957;-5.822679;64.94559;32.48252;155.8001;4.017379;97.84883;0.6861883;17.04054;97.92716;0.7795798;10.33037;421.8715;13.49527
67.78818;410.7408;5.577915;1.062823;95.52275;71.15894;6.958134;98.48213;6.748696;2343.381;-4.747329;65.06076;32.01686;158.1119;4.017564;97.83311;0.7116579;16.67502;98.00702;0.7987913;10.26114;417.2033;13.12655
67.78749;389.785;5.664983;0.8000886;95.27136;70.76968;5.729615;98.21219;5.581515;2134.533;-8.289595;65.37634;29.52426;148.8271;4.001865;97.81982;0.5195606;15.37524;97.96593;0.6095024;10.56308;385.5856;10.99599
67.77984;410.407;5.555571;1.074108;95.62216;70.9166;7.360598;98.3422;7.154176;2421.88;-4.957895;64.93119;32.83207;157.6666;4.0169;97.85781;0.711697;17.29162;97.94865;0.8079075;10.31963;420.019;13.82412
67.77184;375.0822;5.759264;1.000126;95.49743;71.19069;6.84994;98.59099;6.649413;2316.467;-2.772859;65.25966;31.75762;155.491;4.020275;97.82447;0.6684167;16.43904;98.02267;0.7515623;10.52488;387.1407;12.99896
67.77091;575.2316;10.7785;1.326226;95.5734;70.99339;8.92147;98.67213;8.6887;2689.761;-7.202257;64.70296;36.02682;164.1021;4.037868;98.99245;0.8930236;19.16618;98.03326;0.9946236;10.43879;615.8063;16.59051
67.76759;382.1185;5.515433;1.035822;95.31504;71.18072;7.316619;98.59897;7.112112;2406.617;-4.482169;65.09462;32.7756;157.1286;4.010608;97.67812;0.6951867;17.15985;98.03361;0.7792664;10.56788;395.5323;13.75865
67.75777;429.5451;5.785038;0.8898735;95.37202;70.91728;6.284506;98.32303;6.111582;2224.984;-6.144787;65.25145;30.57501;154.2957;4.007082;97.86012;0.5850574;15.91951;97.9547;0.6744131;10.39379;435.4677;11.99957
67.74435;429.8072;5.7393;0.8918725;95.43544;70.92381;6.158919;98.32911;5.98585;2199.332;-5.852318;65.29995;30.24693;154.34;4.002937;97.86541;0.5856404;15.73002;97.97929;0.6749097;10.47285;438.917;11.77424
67.73727;343.9236;5.531558;1.050136;95.5669;71.08379;7.163572;98.48426;6.962331;2387.809;-5.52173;64.9432;32.49638;156.5641;4.02405;97.82565;0.6980762;16.99517;98.04317;0.7886382;10.46289;350.9429;13.49807
67.73113;429.7884;5.64641;1.000151;95.49868;70.92918;6.857855;98.33121;6.664419;2329.739;-4.726399;65.00753;31.8767;157.0731;4.005805;97.86046;0.6611476;16.63274;97.94769;0.7525741;10.3065;443.6691;12.99639
67.72541;367.4552;5.732545;0.850102;95.35741;70.90416;5.729732;98.31086;5.572542;2125.43;-6.349307;65.33423;29.43637;152.301;4.003948;97.8576;0.5571771;15.24988;97.96556;0.6448089;10.42944;371.6509;10.9917
67.71165;385.3154;5.778424;0.8898649;95.26511;70.88328;6.282869;98.30582;6.115492;2230.88;-6.385444;65.16953;30.55424;154.1835;4.010198;97.85509;0.5841482;16.00625;97.9749;0.6750777;10.37854;389.2227;11.99963
67.704;378.4285;5.77835;1.011684;95.75416;71.25147;6.941111;98.60067;6.736598;2326.439;-1.954662;65.13934;31.97704;157.7855;4.012838;97.83909;0.6776299;16.52082;98.01562;0.7606285;10.53046;390.102;13.14666
67.70313;355.9813;5.452461;1.053364;95.70818;71.22369;7.207418;98.61417;6.999377;2385.351;-3.041667;64.98199;32.59422;158.0292;4.012281;97.85329;0.7040623;16.98598;98.01331;0.7909857;10.47337;364.6585;13.57984
67.68945;384.202;5.4067;1.060352;95.25393;70.99129;7.092513;98.48196;6.893857;2368.235;-3.399406;65.06076;32.38267;154.3815;4.023659;97.61458;0.705966;16.8274;97.9987;0.7965177;10.52923;400.7639;13.40009
67.68113;415.3439;5.788697;0.8898752;95.3206;70.90739;6.28474;98.31868;6.114868;2229.002;-6.238107;65.13232;30.58567;154.1119;4.012105;97.86333;0.5846767;15.96094;97.97359;0.6748101;10.37716;419.7748;12.00017
67.67836;414.1433;5.458573;1.109164;95.3046;70.8765;7.244389;98.31292;7.03513;2410.625;-8.01119;64.53272;32.72691;158.6675;4.048123;97.87816;0.7355893;17.14641;97.93414;0.8341777;10.49731;426.9359;13.59286
67.67813;384.0315;5.585202;1.059581;95.54082;71.18415;7.377536;98.55661;7.167456;2408.758;-2.813454;64.97736;32.95857;158.1803;4.011682;97.69969;0.7098346;17.123;98.00163;0.7958623;10.5443;396.061;13.86684
67.67275;434.4368;5.708966;1.000119;95.46078;70.95225;6.855128;98.34112;6.661977;2330.033;-5.061725;65.048;31.90785;155.783;4.016308;97.86993;0.6618778;16.60832;97.96767;0.752637;10.31425;447.3111;12.99716
67.66507;371.3847;5.782653;0.8781226;95.38406;70.96461;6.115584;98.35878;5.950125;2192.958;-3.936188;65.19658;30.22802;154.2773;4.007326;97.86667;0.57669;15.74201;97.95896;0.665937;10.37674;375.0227;11.70448
67.664;416.3529;5.804193;0.8898709;95.40088;70.93951;6.280662;98.3382;6.110075;2224;-5.308295;65.10488;30.58668;154.4094;4.00811;97.86271;0.5847363;15.9209;97.9491;0.6746255;10.37454;422.1498;11.99786
67.65687;429.2721;5.688055;1.000138;95.61641;70.96803;6.858091;98.35043;6.663656;2330.097;-4.67093;64.95213;31.96134;156.1295;4.019445;97.87211;0.6615551;16.61096;97.97744;0.7525878;10.30211;440.8092;13.00025
67.65478;366.3568;5.644148;0.9968545;94.95628;70.87602;6.828557;98.33782;6.6453;2338.799;-7.855327;65.03197;31.85415;153.4578;4.033612;97.7663;0.6586328;16.70917;98.00803;0.7515301;10.54567;375.5685;12.93781
67.65173;393.383;5.500684;1.069008;95.72417;71.24049;7.447386;98.59821;7.234669;2426.456;-2.604693;64.88963;33.03983;158.1115;4.022804;97.85399;0.7181135;17.23647;98.00578;0.8035;10.47391;405.5571;13.97304
67.64766;574.9938;10.73334;1.450187;95.83095;71.1648;9.538129;98.84068;9.310891;2777.173;-3.677051;64.61774;37.26514;167.1984;4.041081;98.96268;0.986608;19.73975;98.03384;1.086922;10.45993;611.7266;17.99426
67.6461;412.8707;5.461206;1.13007;95.22894;71.06239;7.462005;98.5314;7.249274;2430.125;-3.842012;64.98651;33.02089;152.4711;4.020447;97.56155;0.7563632;17.21069;97.95977;0.8490219;10.60156;428.4413;13.99957
67.62436;566.7065;10.3939;1.404643;95.50468;71.20603;9.194566;98.88606;8.9655;2719.188;-3.523817;64.70038;36.6687;165.6033;4.033158;98.86124;0.9553136;19.34192;98.01639;1.053683;10.47215;608.4828;17.29322
67.60631;433.1914;5.746398;0.9933436;95.37554;70.9594;6.801608;98.35812;6.611983;2320.308;-5.33865;65.04638;31.58595;155.682;4.01505;97.86774;0.6575476;16.5325;97.95896;0.748286;10.43671;446.1944;12.90454
67.549;419.7515;5.485518;1.19807;95.65887;71.24651;8.180018;98.58051;7.948891;2555.345;-3.572482;64.66135;34.55958;160.5694;4.027315;97.85937;0.8094472;18.13317;98.0186;0.8991759;10.24599;434.9251;15.21548
67.52438;435.1781;5.513017;1.249673;95.76263;71.28684;8.446918;98.60781;8.209467;2601.043;-3.427789;64.62508;35.07307;161.7997;4.029979;97.86069;0.8471119;18.45916;97.995;0.9377703;10.23716;449.8136;15.69363
67.44596;494.0474;9.330159;1.653008;95.0153;70.45521;10.31721;98.21707;10.09668;2977.827;-20.78302;63.71249;39.37015;169.4834;4.064949;98.99425;1.11733;21.16503;98.13794;1.242958;10.39307;519.8514;19.37961
67.42554;588.205;5.52291;1.307856;95.39085;71.20908;8.443022;98.60942;8.218167;2588.087;-3.914325;64.65772;35.04053;159.3898;4.025115;97.60453;0.8857931;18.28308;97.99121;0.9808685;10.6613;611.0785;15.84688
67.36555;439.2457;5.405364;1.150148;95.26577;70.86299;7.506742;98.28079;7.293717;2456.49;-7.771561;64.0509;33.43434;159.6259;4.048803;97.86534;0.7638783;17.45961;97.91862;0.8645042;10.48063;453.4651;13.99918
67.35674;421.3097;5.399663;1.150136;95.2175;70.86111;7.514053;98.27876;7.300005;2459.861;-8.533557;64.04058;33.5198;159.5497;4.050002;97.85601;0.7639322;17.47862;97.91659;0.8649477;10.5032;434.7739;14.00149
66.89761;437.257;5.626153;1.128559;95.03735;70.95991;7.629625;98.43456;7.421859;2483.96;-9.041708;63.78165;33.60369;160.0831;4.052347;97.92404;0.7509151;17.69941;97.92855;0.8479918;10.20537;450.4926;14.244
66.89584;458.5277;5.345215;1.418568;95.29553;70.8951;9.114283;98.32969;8.892303;2730.778;-8.851314;63.24626;37.11661;166.2809;4.072107;97.89784;0.9565729;19.31243;97.93996;1.065566;10.61029;463.9162;17.13515
66.87718;506.2909;9.489755;1.680137;95.56659;70.7484;10.31665;98.50018;10.09504;2927.134;-9.83599;63.07931;39.77588;171.2062;4.067364;99.05492;1.13907;20.65832;98.14281;1.260067;10.45501;533.2946;19.49968
66.75259;1034.681;6.94269;1.681726;95.65205;71.29128;10.3963;98.71431;10.15954;2900.535;-3.040106;63.60427;39.65128;171.6657;4.042192;97.6129;1.155494;20.28954;97.99042;1.260738;12.06088;1063.586;19.66605
66.68513;481.4266;5.381079;1.500175;95.16622;70.90586;9.530596;98.38058;9.303347;2804.816;-9.273567;62.94697;38.08671;167.9433;4.073233;97.91505;1.015738;19.84652;97.9244;1.126549;10.55823;484.0471;17.99344
66.65165;1634.318;9.949176;1.680142;95.75198;71.19357;10.28254;98.86819;10.05653;2890.979;-3.08771;63.17867;39.66401;172.1443;4.047513;99.06699;1.15033;20.36385;98.0851;1.259224;10.5422;1775.587;19.49556
66.58926;478.805;5.479288;1.478407;95.0667;70.92219;9.554727;98.42439;9.327216;2809.635;-9.575091;62.9627;38.14972;167.2295;4.071414;97.92341;1.000311;19.89875;97.91879;1.110009;10.36884;486.2339;17.9824
66.53733;3242.385;6.283673;1.680123;95.80904;71.31487;10.29115;98.72354;10.05957;2885.439;-2.884316;63.2279;39.64339;172.3372;4.043319;97.74495;1.155856;20.17139;98.01198;1.259922;12.7437;3434.64;19.49788
